<?xml version="1.0" encoding="utf-8" ?>
<TestFlow>
  <CkSum>64cd2b07115eb021c16507399865a2cc</CkSum>
  <new>
    <string name="COMPort">
      <action class="this" func="ReadINI">
        <filename>Setting</filename>
        <option>DUT</option>
        <key>COMPort</key>
        <defaultval>COM3</defaultval>
      </action>
    </string>
    <string name="RGB_AOI_PATH">
      <action class="this" func="ReadINI">
        <filename>Setting</filename>
        <option>LED</option>
        <key>RGB_AOI_PATH</key>
        <defaultval>D:\LED_AOI_LED\</defaultval>
      </action>
    </string>
    <string name="RGB_AOI_EXE">
      <action class="this" func="ReadINI">
        <filename>Setting</filename>
        <option>LED</option>
        <key>RGB_AOI_EXE</key>
        <defaultval>LED_AOI_v2.4.exe</defaultval>
      </action>
    </string>
    <string name="RGB_ETH_PATH">
      <action class="this" func="ReadINI">
        <filename>Setting</filename>
        <option>LED</option>
        <key>RGB_ETH_PATH</key>
        <defaultval>D:\LED_ETH_LED\</defaultval>
      </action>
    </string>
    <string name="RGB_ETH_EXE">
      <action class="this" func="ReadINI">
        <filename>Setting</filename>
        <option>LED</option>
        <key>RGB_ETH_EXE</key>
        <defaultval>LED_AOI_v2.4.exe</defaultval>
      </action>
    </string>
    <string name="Prompt_WNC">
      <action class="this" func="ReadINI">
        <filename>Setting</filename>
        <option>Prompt</option>
        <key>WNC</key>
        <defaultval>#</defaultval>
      </action>
    </string>
    <string name="Prompt_Uboot">
      <action class="this" func="ReadINI">
        <filename>Setting</filename>
        <option>Prompt</option>
        <key>Uboot</key>
        <defaultval>ZynqMP></defaultval>
      </action>
    </string>
    <string name="Linux_IP">
      <action class="this" func="ReadINI">
        <filename>Setting</filename>
        <option>LinuxPC</option>
        <key>IP</key>
        <defaultval>192.168.33.124</defaultval>
      </action>
    </string>
    <string name="Linux_Pwd">
      <action class="this" func="ReadINI">
        <filename>Setting</filename>
        <option>LinuxPC</option>
        <key>Password</key>
        <defaultval>test!@#$</defaultval>
      </action>
    </string>
  </new>
  <run>
    <!-- Start TFTP server. -->
    <action class="this" func="StartTftpServer">
    </action>
    <!-- SW3DIPSwitch -->
    <action class="this" func="ShowImageCheck">
      <testItem>J5JumperCheck</testItem>
      <message>請確認J5上沒有Jumper. Please make sure there is no jumper on J5</message>
      <mode>Check</mode>
    </action>
    <!-- BootUp -->
    <action class="this" func="ShowImageCheck">
      <testItem>InsertDUT</testItem>
      <message>請將DUT插入Linux PC並接上線材. Please plugin the DUT to Linux PC and connect the cables.</message>
      <mode>Prompt</mode>
    </action>
    <!-- BootUp -->
    <action class="this" func="ShowImageCheck" nextdelay="3">
      <testItem>BootUp</testItem>
      <message>請按V後將DUT上電. Press V and Power On the DUT.</message>
      <mode>Prompt</mode>
    </action>
    <!-- Init ComPort -->
    <action class="console" func="InitCOMPort" retry="3">
    </action>
    <!-- Boot Up -->
    <action class="console" func="BootUp">
      <testItem>BootUp</testItem>
    </action>
    <!-- EthernetTest: ifconfig -->
    <action class="console" func="SendAndCheck">
      <testItem>EthernetTest</testItem>
      <data>ifconfig</data>
      <checkMsg ref="Prompt_WNC">192.168.33.</checkMsg>
      <timeOutSec>10</timeOutSec>
    </action>
    <!-- EthernetTest: ping -->
    <action class="console" func="SendAndCheck">
      <testItem>EthernetTest</testItem>
      <data>ping 192.168.33.60 -c 10</data>
      <checkMsg ref="Prompt_WNC">10 packets received,0% packet loss </checkMsg>
      <timeOutSec>10</timeOutSec>
    </action>
    <!-- StandaloneTest -->
    <action class="console" func="SendAndCheck">
      <testItem>StandaloneTest</testItem>
      <data>sh /run/media/mmcblk0p1/scripts/stop_gsi_cli_test_app.sh</data>
      <checkMsg ref="Prompt_WNC"></checkMsg>
      <timeOutSec>10</timeOutSec>
    </action>
    <!-- DeleteBurnInLlog: cd -->
    <action class="console" func="SendAndCheck">
      <testItem>DeleteBurnInLlog</testItem>
      <data>cd /run/media/mmcblk0p1/test-log</data>
      <checkMsg ref="Prompt_WNC"></checkMsg>
      <timeOutSec>10</timeOutSec>
    </action>
    <!-- DeleteBurnInLlog: rm -->
    <action class="console" func="SendAndCheck">
      <testItem>DeleteBurnInLlog</testItem>
      <data>rm -rf *</data>
      <checkMsg ref="Prompt_WNC"></checkMsg>
      <timeOutSec>10</timeOutSec>
    </action>
    <!-- DeleteBurnInLlog: cd -->
    <action class="console" func="SendAndCheck">
      <testItem>DeleteBurnInLlog</testItem>
      <data>cd /run/media/mmcblk0p1/test-prev-logs/</data>
      <checkMsg ref="Prompt_WNC"></checkMsg>
      <timeOutSec>10</timeOutSec>
    </action>
    <!-- DeleteBurnInLlog: rm -->
    <action class="console" func="SendAndCheck">
      <testItem>DeleteBurnInLlog</testItem>
      <data>rm -rf *</data>
      <checkMsg ref="Prompt_WNC"></checkMsg>
      <timeOutSec>10</timeOutSec>
    </action>
    <!-- DeleteBurnInLlog: sync -->
    <action class="console" func="SendAndCheck">
      <testItem>DeleteBurnInLlog</testItem>
      <data>sync</data>
      <checkMsg ref="Prompt_WNC"></checkMsg>
      <timeOutSec>10</timeOutSec>
    </action>
    <!-- SoftwareCheck -->
    <action class="console" func="SoftwareCheck">
      <testItem>SoftwareCheck</testItem>
    </action>
    <!-- RTC Check -->
    <action class="this" func="CheckRTC">
      <testItem>CheckRTC</testItem>
    </action>
    <!-- StandaloneTest -->
    <action class="console" func="TargetTest">
      <testItem>StandaloneTest</testItem>
    </action>
    <!-- MAC and Serial number check -->
    <action class="console" func="CheckBoardENV">
      <testItem>CheckBoardENV</testItem>
    </action>
    <!-- L4 to ARC  -->
    <action class="console" func="CheckTargetTestMenu">
      <testItem>L4ToARCTest</testItem>
      <MenuMode>Manual</MenuMode>
    </action>
    <!-- L4 to ARC  -->
    <action class="console" func="SendAndCheck">
      <testItem>L4ToARCTest</testItem>
      <data>11</data>
      <checkMsg>for PL :</checkMsg>
      <timeOutSec>10</timeOutSec>
    </action>
    <!-- L4 to ARC  -->
    <action class="console" func="SendAndCheck">
      <testItem>L4ToARCTest</testItem>
      <data>0</data>
      <checkMsg >Enter option number :,Choose DRAM</checkMsg>
      <timeOutSec>10</timeOutSec>
    </action>
    <!-- L4 to ARC  -->
    <action class="console" func="SendAndCheck">
      <testItem>L4ToARCTest</testItem>
      <data>4</data>
      <checkMsg >press key to continue...,sanity_dram_apuc_access_short core : 0 - passed</checkMsg>
      <timeOutSec>70</timeOutSec>
    </action>
    <!-- L4 to ARC  -->
    <action class="console" func="GetTargetTestMenu">
      <testItem>L4ToARCTest</testItem>
    </action>
    <!-- L4 to ARM  -->
    <action class="console" func="CheckTargetTestMenu">
      <testItem>L4ToARMTest</testItem>
      <MenuMode>Manual</MenuMode>
    </action>
    <!-- L4 to ARM  -->
    <action class="console" func="SendAndCheck">
      <testItem>L4ToARMTest</testItem>
      <data>16</data>
      <checkMsg>for PL :</checkMsg>
      <timeOutSec>10</timeOutSec>
    </action>
    <!-- L4 to ARM  -->
    <action class="console" func="SendAndCheck">
      <testItem>L4ToARMTest</testItem>
      <data>0</data>
      <checkMsg >Enter option number :,Choose DRAM</checkMsg>
      <timeOutSec>10</timeOutSec>
    </action>
    <!-- L4 to ARM  -->
    <action class="console" func="SendAndCheck">
      <testItem>L4ToARMTest</testItem>
      <data>5</data>
      <checkMsg >press key to continue...,TEST PASSED SECCESSFULY</checkMsg>
      <timeOutSec>70</timeOutSec>
    </action>
    <!-- L4 to ARM  -->
    <action class="console" func="GetTargetTestMenu">
      <testItem>L4ToARMTest</testItem>
    </action>
    <!-- DB ARC to ARM all cores  -->
    <action class="console" func="CheckTargetTestMenu">
      <testItem>DoorbellARCToARMTest</testItem>
      <MenuMode>Manual</MenuMode>
    </action>
    <!-- DB ARC to ARM all cores  -->
    <action class="console" func="SendAndCheck">
      <testItem>DoorbellARCToARMTest</testItem>
      <data>4</data>
      <checkMsg>press key to continue...,apuc_id: 0 pass,apuc_id: 1 pass,apuc_id: 2 pass,apuc_id: 3 pass</checkMsg>
      <timeOutSec>55</timeOutSec>
    </action>
    <!-- DB ARC to ARM all cores  -->
    <action class="console" func="GetTargetTestMenu">
      <testItem>DoorbellARCToARMTest</testItem>
    </action>
    <!-- DB ARM all cores  -->
    <action class="console" func="CheckTargetTestMenu">
      <testItem>DoorbellARMTest</testItem>
      <MenuMode>Manual</MenuMode>
    </action>
    <!-- DB ARM all cores  -->
    <action class="console" func="SendAndCheck">
      <testItem>DoorbellARMTest</testItem>
      <data>2</data>
      <checkMsg>press key to continue...,apuc_id: 0 pass,apuc_id: 1 pass,apuc_id: 2 pass,apuc_id: 3 pass</checkMsg>
      <timeOutSec>175</timeOutSec>
    </action>
    <!-- DB ARM all cores  -->
    <action class="console" func="GetTargetTestMenu">
      <testItem>DoorbellARMTest</testItem>
    </action>
    <!-- mailbox ARC all cores  -->
    <action class="console" func="CheckTargetTestMenu">
      <testItem>MailboxARCTest</testItem>
      <MenuMode>Manual</MenuMode>
    </action>
    <!-- mailbox ARC all cores  -->
    <action class="console" func="SendAndCheck">
      <testItem>MailboxARCTest</testItem>
      <data>9</data>
      <checkMsg>press key to continue...,arm : core number 0 test pass,arm : core number 1 test pass,arm : core number 2 test pass,arm : core number 3 test pass</checkMsg>
      <timeOutSec>35</timeOutSec>
    </action>
    <!-- mailbox ARC all cores  -->
    <action class="console" func="GetTargetTestMenu">
      <testItem>MailboxARCTest</testItem>
    </action>
    <!-- LED Test  -->
    <action class="console" func="CheckTargetTestMenu">
      <testItem>LEDTest</testItem>
      <MenuMode>Manual</MenuMode>
    </action>
    <!-- LED Test  -->
    <action class="console" func="SendAndCheck">
      <testItem>LEDTest</testItem>
      <data>22</data>
      <checkMsg>LEDs(10 secs) test:</checkMsg>
      <timeOutSec>175</timeOutSec>
    </action>
    <!-- LED Test  -->
    <action class="console" func="SendAndCheck">
      <testItem>LEDTest</testItem>
      <data>1</data>
      <checkMsg>press key to continue...</checkMsg>
      <timeOutSec>175</timeOutSec>
    </action>
    <!-- LED Test -->
    <action class="this" func="ShowImageCheck">
      <testItem>LEDTest</testItem>
      <message>請確認LED燈是否閃爍. Please check LED is Blinking</message>
      <mode>Check</mode>
    </action>
    <!-- LED Test 
    <action class="this" func="ShowCheckMessageBox">
      <testItem>LEDTest</testItem>
      <caption>Notice</caption>
      <content>請確認LED燈</content>
    </action>-->
    <!-- LED Test  -->
    <action class="console" func="GetTargetTestMenu">
      <testItem>LEDTest</testItem>
    </action>
    <!-- Free ComPort -->
    <action class="console" func="FreeComPort">
    </action>
    <!-- BootUp 
    <action class="this" func="ShowImageCheck" nextdelay="5">
      <testItem>BootUp</testItem>
      <message>請按V後將DUT重新上電. Press V and Re-Power On the DUT.</message>
      <mode>Prompt</mode>
    </action>-->
    <!-- Telnet: ping -->
    <action class="this" func="PingTest">
      <testItem>PingLinuxPC</testItem>
      <ip ref="Linux_IP"></ip>
      <timeoutSec>10</timeoutSec>
      <count>3</count>
    </action>
    <!-- Telnet: LoginTelnet -->
    <action class="telnet" func="LoginTelnet">
      <testItem>LoginTelnet</testItem>
    </action>
    <!-- Telnet: CleanLogs -->
    <action class="telnet" func="SendAndCheck">
      <testItem>CleanLogs</testItem>
      <data>sudo rm /var/tmp/test-pci-conf/prev-logs/*</data>
      <checkMsg>password for test:</checkMsg>
      <timeoutSec>20</timeoutSec>
    </action>
    <!-- Telnet: sudo -->
    <action class="telnet" func="SendAndCheck">
      <testItem>CleanLogs</testItem>
      <data ref="Linux_Pwd"></data>
      <checkMsg>$</checkMsg>
      <timeoutSec>20</timeoutSec>
    </action>
    <!-- Telnet: CleanLogs -->
    <action class="telnet" func="SendAndCheck">
      <testItem>CleanLogs</testItem>
      <data>sudo rm /var/tmp/test-pci-conf/log/*</data>
      <checkMsg>$</checkMsg>
      <timeoutSec>20</timeoutSec>
    </action>
    <!-- Telnet: reboot -->
    <action class="telnet" func="RebootLinux" nextdelay="10">
      <testItem>RebootLinux</testItem>
      <sudoPwd>false</sudoPwd>
    </action>
    <!-- Init ComPort -->
    <action class="console" func="InitCOMPort" retry="3">
    </action>
    <!-- BootUp -->
    <action class="console" func="BootUp" retry="2">
      <testItem>BootUp</testItem>
    </action>
    <!-- Kill TFTP server. -->
    <action class="this" func="KillTftpServer">
    </action>
    <!-- Telnet: ping -->
    <action class="this" func="PingTest">
      <testItem>PingLinuxPC</testItem>
      <ip ref="Linux_IP"></ip>
      <timeoutSec>10</timeoutSec>
      <count>3</count>
    </action>
    <!-- Telnet: LoginTelnet -->
    <action class="telnet" func="LoginTelnet">
      <testItem>LoginTelnet</testItem>
    </action>
    <!-- Telnet: $TERM -->
    <action class="telnet" func="SendAndCheck">
      <testItem>SetTERM</testItem>
      <data>echo $TERM</data>
      <checkMsg>$</checkMsg>
      <timeoutSec>20</timeoutSec>
    </action>
    <!-- Telnet: $TERM -->
    <action class="telnet" func="SendAndCheck">
      <testItem>SetTERM</testItem>
      <data>export TERM=xterm</data>
      <checkMsg>$</checkMsg>
      <timeoutSec>20</timeoutSec>
    </action>
    <!-- Telnet: $TERM -->
    <action class="telnet" func="SendAndCheck">
      <testItem>SetTERM</testItem>
      <data>echo $TERM</data>
      <checkMsg>$</checkMsg>
      <timeoutSec>20</timeoutSec>
    </action>
    <!-- ExcuteDialog -->
    <action class="telnet" func="ExcuteDialog">
      <testItem>ExcuteDialog</testItem>
      <sudoPwd>true</sudoPwd>
    </action>
    <!-- DialogSelect -->
    <action class="telnet" func="DialogSelect">
      <testItem>DialogSelect</testItem>
      <selection>GSI Board #1, PCI ID 01:00.0</selection>
    </action>
    <!-- DialogEnter -->
    <action class="telnet" func="DialogEnter">
      <testItem>DialogEnter</testItem>
    </action>
    <!-- DialogSelect -->
    <action class="telnet" func="DialogSelect">
      <testItem>DialogSelect</testItem>
      <selection>DRAM L4 Tests</selection>
    </action>
    <!-- DialogEnter -->
    <action class="telnet" func="DialogEnter">
      <testItem>DialogEnter</testItem>
    </action>
    <!-- DialogSelect -->
    <action class="telnet" func="DialogSelect">
      <testItem>DialogSelect</testItem>
      <selection>DRAM PS-High Access (R/W) tests</selection>
    </action>
    <!-- DialogEnter -->
    <action class="telnet" func="DialogEnter">
      <testItem>DialogEnter</testItem>
    </action>
    <!-- DialogSelect -->
    <action class="telnet" func="DialogSelect">
      <testItem>DRAM512MBTest</testItem>
      <selection>DRAM PS-High Access (R/W) (512MB)</selection>
    </action>
    <!-- DialogSelect -->
    <action class="telnet" func="EnterTest">
      <testItem>DRAM512MBTest</testItem>
      <checkMsg>For more details,DRAM ACCESS (R/W) TEST TEST PASSED</checkMsg>
      <timeoutSec>600</timeoutSec>
    </action>
    <!-- DialogEnter -->
    <action class="telnet" func="DialogEnter">
      <testItem>DialogEnter</testItem>
    </action>
    <!-- DialogSelect -->
    <action class="telnet" func="DialogSelect">
      <testItem>DialogSelect</testItem>
      <selection>Back to main menu</selection>
    </action>
    <!-- DialogEnter -->
    <action class="telnet" func="DialogEnter">
      <testItem>DialogEnter</testItem>
    </action>
    <!-- DialogSelect -->
    <action class="telnet" func="DialogSelect">
      <testItem>ClearLogs</testItem>
      <selection>LOG File Maintenance</selection>
    </action>
    <!-- DialogEnter -->
    <action class="telnet" func="DialogEnter">
      <testItem>DialogEnter</testItem>
    </action>
    <!-- DialogSelect -->
    <action class="telnet" func="DialogSelect">
      <testItem>ClearLogs</testItem>
      <selection>Clear All Logs from /var/tmp/test-pci-conf/prev-logs</selection>
    </action>
    <!-- DialogEnter -->
    <action class="telnet" func="EnterToClear">
      <testItem>ClearLogs</testItem>
    </action>
    <!-- StandaloneTest -->
    <action class="console" func="TargetTest">
      <testItem>StandaloneTest</testItem>
    </action>
    <!-- Upgrade to release version -->
    <action class="console" func="CheckTargetTestMenu">
      <testItem>UpgradeReleaseVer</testItem>
      <MenuMode>Board</MenuMode>
    </action>
    <!-- Upgrade to release version -->
    <action class="console" func="SendAndCheck">
      <testItem>UpgradeReleaseVer</testItem>
      <data>7</data>
      <checkMsg>upgrade to release version :</checkMsg>
      <timeOutSec>175</timeOutSec>
    </action>
    <!-- Upgrade to release version -->
    <action class="console" func="SendAndCheck">
      <testItem>UpgradeReleaseVer</testItem>
      <data>1</data>
      <checkMsg ref="Prompt_WNC">Exit GSI tests application,Goto /run/media folder by cd /run/media and run ./upgrade_to_release_ver.sh</checkMsg>
      <timeOutSec>175</timeOutSec>
    </action>
    <!-- Upgrade to release version -->
    <action class="console" func="SendAndCheck">
      <testItem>UpgradeReleaseVer</testItem>
      <data>cd /run/media</data>
      <checkMsg ref="Prompt_WNC"></checkMsg>
      <timeOutSec>10</timeOutSec>
    </action>
    <!-- Upgrade to release version -->
    <action class="console" func="SendAndCheck">
      <testItem>UpgradeReleaseVer</testItem>
      <data>./upgrade_to_release_ver.sh</data>
      <checkMsg>Power down,Shutdown GSI board</checkMsg>
      <timeOutSec>300</timeOutSec>
    </action>
    <!-- Free ComPort -->
    <action class="console" func="FreeComPort">
    </action>
    <!-- Telnet: ping -->
    <action class="this" func="PingTest">
      <testItem>PingLinuxPC</testItem>
      <ip ref="Linux_IP"></ip>
      <timeoutSec>10</timeoutSec>
      <count>3</count>
    </action>
    <!-- Telnet: LoginTelnet -->
    <action class="telnet" func="LoginTelnet">
      <testItem>LoginTelnet</testItem>
    </action>
    <!-- Telnet: reboot -->
    <action class="telnet" func="RebootLinux" nextdelay="10">
      <testItem>RebootLinux</testItem>
      <sudoPwd>true</sudoPwd>
    </action>
    <!-- Init ComPort -->
    <action class="console" func="InitCOMPort" retry="3">
    </action>
    <!-- BootUp -->
    <action class="console" func="BootUpAfterUpgrade" retry="2">
      <testItem>BootUp</testItem>
    </action>
    <!-- Telnet: ping -->
    <action class="this" func="PingTest">
      <testItem>PingLinuxPC</testItem>
      <ip ref="Linux_IP"></ip>
      <timeoutSec>10</timeoutSec>
      <count>3</count>
    </action>
    <!-- Telnet: LoginTelnet -->
    <action class="telnet" func="LoginTelnet">
      <testItem>LoginTelnet</testItem>
    </action>
    <!-- Telnet: Verify the release version -->
    <!-- ExcuteDialog -->
    <action class="telnet" func="ExcuteDialog">
      <testItem>ExcuteDialog</testItem>
      <sudoPwd>true</sudoPwd>
    </action>
    <!-- DialogSelect -->
    <action class="telnet" func="DialogSelect">
      <testItem>DialogSelect</testItem>
      <selection>GSI Board #1, PCI ID 01:00.0</selection>
    </action>
    <!-- DialogEnter -->
    <action class="telnet" func="DialogEnter">
      <testItem>DialogEnter</testItem>
    </action>
    <!-- DialogSelect -->
    <action class="telnet" func="DialogSelect">
      <testItem>DialogSelect</testItem>
      <selection>Run the Board Diagnostic Tests</selection>
    </action>
    <!-- DialogEnter -->
    <action class="telnet" func="DialogEnter">
      <testItem>DialogEnter</testItem>
    </action>
    <!-- DialogSelect -->
    <action class="telnet" func="DialogSelect">
      <testItem>DialogSelect</testItem>
      <selection>Run the Board Diagnostic Tests</selection>
    </action>
    <!-- DialogEnter -->
    <action class="telnet" func="DialogEnter">
      <testItem>DialogEnter</testItem>
    </action>
    <!-- DialogEnter -->
    <action class="telnet" func="DialogEnter">
      <testItem>DialogEnter</testItem>
    </action>
    <!-- Telnet: Verify the release version -->
    <action class="telnet" func="EnterTest">
      <testItem>DRAM512MBTest</testItem>
      <checkMsg>Test Result PASS,TEST END</checkMsg>
      <timeoutSec>600</timeoutSec>
    </action>
    <!-- Telnet: Verify the release version -->
  </run>
</TestFlow>