<?xml version="1.0" encoding="utf-8" ?>
<TestFlow>
  <CkSum>fcc36a1ba645ee055e3a51ecbd88a230</CkSum>
  <new>
    <string name="COMPort">
      <action class="this" func="ReadINI">
        <filename>Setting</filename>
        <option>DUT</option>
        <key>COMPort</key>
        <defaultval>COM3</defaultval>
      </action>
    </string>
    <string name="RGB_AOI_PATH">
      <action class="this" func="ReadINI">
        <filename>Setting</filename>
        <option>LED</option>
        <key>RGB_AOI_PATH</key>
        <defaultval>D:\LED_AOI_LED\</defaultval>
      </action>
    </string>
    <string name="RGB_AOI_EXE">
      <action class="this" func="ReadINI">
        <filename>Setting</filename>
        <option>LED</option>
        <key>RGB_AOI_EXE</key>
        <defaultval>LED_AOI_v2.4.exe</defaultval>
      </action>
    </string>
    <string name="RGB_ETH_PATH">
      <action class="this" func="ReadINI">
        <filename>Setting</filename>
        <option>LED</option>
        <key>RGB_ETH_PATH</key>
        <defaultval>D:\LED_ETH_LED\</defaultval>
      </action>
    </string>
    <string name="RGB_ETH_EXE">
      <action class="this" func="ReadINI">
        <filename>Setting</filename>
        <option>LED</option>
        <key>RGB_ETH_EXE</key>
        <defaultval>LED_AOI_v2.4.exe</defaultval>
      </action>
    </string>
    <string name="Prompt_WNC">
      <action class="this" func="ReadINI">
        <filename>Setting</filename>
        <option>Prompt</option>
        <key>WNC</key>
        <defaultval>#</defaultval>
      </action>
    </string>
    <string name="Prompt_Uboot">
      <action class="this" func="ReadINI">
        <filename>Setting</filename>
        <option>Prompt</option>
        <key>Uboot</key>
        <defaultval>ZynqMP></defaultval>
      </action>
    </string>
    <string name="Linux_IP">
      <action class="this" func="ReadINI">
        <filename>Setting</filename>
        <option>LinuxPC</option>
        <key>IP</key>
        <defaultval>192.168.33.124</defaultval>
      </action>
    </string>
  </new>
  <run>
    <action class="this" func="PingTest">
      <testItem>PingLinuxPC</testItem>
      <ip ref="Linux_IP"></ip>
      <timeoutSec>10</timeoutSec>
      <count>3</count>
    </action>
    <!-- Telnet: LoginTelnet -->
    <action class="telnet" func="LoginTelnet">
      <testItem>LoginTelnet</testItem>
    </action>
    <!-- Telnet: reboot -->
    <action class="telnet" func="RebootLinux" nextdelay="5">
      <testItem>RebootLinux</testItem>
    </action>
    <!-- Init ComPort -->
    <action class="console" func="InitCOMPort" retry="3">
    </action>
    <!-- BootUp -->
    <action class="console" func="BootUpAfterUpgrade">
      <testItem>BootUp</testItem>
    </action>
    <action class="this" func="KillTftpServer">
    </action>
    <!-- Telnet: ping -->
    <action class="this" func="PingTest">
      <testItem>PingLinuxPC</testItem>
      <ip ref="Linux_IP"></ip>
      <timeoutSec>10</timeoutSec>
      <count>3</count>
    </action>
    <!-- Telnet: ping -->
    <action class="telnet" func="LoginTelnet">
      <testItem>LoginTelnet</testItem>
    </action>
    <!-- Telnet: ping -->
    <action class="telnet" func="SendAndCheck">
      <testItem>SetTERM</testItem>
      <data>echo $TERM</data>
      <checkMsg>$</checkMsg>
      <timeoutSec>20</timeoutSec>
    </action>
    <!-- Telnet: ping -->
    <action class="telnet" func="SendAndCheck">
      <testItem>SetTERM</testItem>
      <data>export TERM=xterm</data>
      <checkMsg>$</checkMsg>
      <timeoutSec>20</timeoutSec>
    </action>
    <!-- Telnet: ping -->
    <action class="telnet" func="SendAndCheck">
      <testItem>SetTERM</testItem>
      <data>echo $TERM</data>
      <checkMsg>$</checkMsg>
      <timeoutSec>20</timeoutSec>
    </action>
    <!-- ExcuteDialog -->
    <action class="telnet" func="ExcuteDialog">
      <testItem>ExcuteDialog</testItem>
    </action>
    <!-- DialogSelect -->
    <action class="telnet" func="DialogSelect">
      <testItem>DialogSelect</testItem>
      <selection>GSI Board #1, PCI ID 01:00.0</selection>
    </action>
    <!-- DialogEnter -->
    <action class="telnet" func="DialogEnter">
      <testItem>DialogEnter</testItem>
    </action>
    <!-- DialogSelect -->
    <action class="telnet" func="DialogSelect">
      <testItem>DialogSelect</testItem>
      <selection>DRAM L4 Tests</selection>
    </action>
    <!-- DialogEnter -->
    <action class="telnet" func="DialogEnter">
      <testItem>DialogEnter</testItem>
    </action>
    <!-- DialogSelect -->
    <action class="telnet" func="DialogSelect">
      <testItem>DialogSelect</testItem>
      <selection>DRAM PS-High Access (R/W) tests</selection>
    </action>
    <!-- DialogEnter -->
    <action class="telnet" func="DialogEnter">
      <testItem>DialogEnter</testItem>
    </action>
    <!-- DialogSelect -->
    <action class="telnet" func="DialogSelect">
      <testItem>DRAM14GTest</testItem>
      <selection>DRAM PS-High Access (R/W)  (14GB)</selection>
    </action>
    <!-- DialogSelect -->
    <action class="telnet" func="EnterTest">
      <testItem>DRAM14GTest</testItem>
      <checkMsg>For more details,DRAM ACCESS (R/W) TEST TEST PASSED</checkMsg>
      <timeoutSec>3600</timeoutSec>
    </action>
    <!-- DialogEnter -->
    <action class="telnet" func="DialogEnter">
      <testItem>DialogEnter</testItem>
    </action>
    <!-- DialogSelect -->
    <action class="telnet" func="DialogSelect">
      <testItem>DialogSelect</testItem>
      <selection>Back to main menu</selection>
    </action>
    <!-- DialogEnter -->
    <action class="telnet" func="DialogEnter">
      <testItem>DialogEnter</testItem>
    </action>
    <!-- DialogSelect -->
    <action class="telnet" func="DialogSelect">
      <testItem>ClearLogs</testItem>
      <selection>Clear All Logs from /var/tmp/test-pci-conf/prev-logs</selection>
    </action>
    <!-- DialogEnter -->
    <action class="telnet" func="EnterToClear">
      <testItem>ClearLogs</testItem>
    </action>
  </run>
</TestFlow>