<?xml version="1.0" encoding="utf-8" ?>
<TestFlow>
  <CkSum>2d7bd77c946b54b43131b020dcb33c6d</CkSum>
  <new>
    <string name="COMPort">
      <action class="this" func="ReadINI">
        <filename>Setting</filename>
        <option>DUT</option>
        <key>COMPort</key>
        <defaultval>COM3</defaultval>
      </action>
    </string>
    <string name="RGB_AOI_PATH">
      <action class="this" func="ReadINI">
        <filename>Setting</filename>
        <option>LED</option>
        <key>RGB_AOI_PATH</key>
        <defaultval>D:\LED_AOI_LED\</defaultval>
      </action>
    </string>
    <string name="RGB_AOI_EXE">
      <action class="this" func="ReadINI">
        <filename>Setting</filename>
        <option>LED</option>
        <key>RGB_AOI_EXE</key>
        <defaultval>LED_AOI_v2.4.exe</defaultval>
      </action>
    </string>
    <string name="RGB_ETH_PATH">
      <action class="this" func="ReadINI">
        <filename>Setting</filename>
        <option>LED</option>
        <key>RGB_ETH_PATH</key>
        <defaultval>D:\LED_ETH_LED\</defaultval>
      </action>
    </string>
    <string name="RGB_ETH_EXE">
      <action class="this" func="ReadINI">
        <filename>Setting</filename>
        <option>LED</option>
        <key>RGB_ETH_EXE</key>
        <defaultval>LED_AOI_v2.4.exe</defaultval>
      </action>
    </string>
    <string name="Prompt_WNC">
      <action class="this" func="ReadINI">
        <filename>Setting</filename>
        <option>Prompt</option>
        <key>WNC</key>
        <defaultval>#</defaultval>
      </action>
    </string>
    <string name="Prompt_Uboot">
      <action class="this" func="ReadINI">
        <filename>Setting</filename>
        <option>Prompt</option>
        <key>Uboot</key>
        <defaultval>ZynqMP></defaultval>
      </action>
    </string>
    <string name="Linux_IP">
      <action class="this" func="ReadINI">
        <filename>Setting</filename>
        <option>LinuxPC</option>
        <key>IP</key>
        <defaultval>192.168.33.124</defaultval>
      </action>
    </string>
    <string name="Linux_Pwd">
      <action class="this" func="ReadINI">
        <filename>Setting</filename>
        <option>LinuxPC</option>
        <key>Password</key>
        <defaultval>test!@#$</defaultval>
      </action>
    </string>
  </new>
  <run>
    <!-- Start TFTP server. -->
    <action class="this" func="StartTftpServer">
    </action>
    <!-- BootUp -->
    <action class="this" func="ShowImageCheck">
      <testItem>InsertDUT</testItem>
      <message>請將DUT插入Linux PC並接上線材. Please plugin the DUT to Linux PC and connect the cables.</message>
      <mode>Prompt</mode>
    </action>
    <!-- BootUp -->
    <action class="this" func="ShowImageCheck" nextdelay="3">
      <testItem>BootUp</testItem>
      <message>請按V後將DUT上電. Press V and Power On the DUT.</message>
      <mode>Prompt</mode>
    </action>
    <!-- Init ComPort -->
    <action class="console" func="InitCOMPort" retry="3">
    </action>
    <!-- Boot Up -->
    <action class="console" func="BootUpAfterUpgrade">
      <testItem>BootUp</testItem>
    </action>
    <!-- EthernetTest: ifconfig -->
    <action class="console" func="SendAndCheck">
      <testItem>EthernetTest</testItem>
      <data>ifconfig</data>
      <checkMsg ref="Prompt_WNC">192.168.33.</checkMsg>
      <timeOutSec>10</timeOutSec>
    </action>
    <!-- EthernetTest: ping -->
    <action class="console" func="SendAndCheck">
      <testItem>EthernetTest</testItem>
      <data>ping 192.168.33.60 -c 10</data>
      <checkMsg ref="Prompt_WNC">10 packets received,0% packet loss </checkMsg>
      <timeOutSec>10</timeOutSec>
    </action>
    <!-- CheckENV: SN, MAC -->
    <action class="console" func="CheckENV">
      <testItem>CheckENV</testItem>
    </action>
    <!-- RTC Check -->
    <action class="this" func="CheckRTC">
      <testItem>CheckRTC</testItem>
    </action>
    <!-- Free ComPort -->
    <action class="console" func="FreeComPort">
    </action>
    <!-- BootUp 
    <action class="this" func="ShowImageCheck" nextdelay="5">
      <testItem>BootUp</testItem>
      <message>請按V後將DUT重新上電. Press V and Re-Power On the DUT.</message>
      <mode>Prompt</mode>
    </action>-->
    <!-- Telnet: ping -->
    <action class="this" func="PingTest">
      <testItem>PingLinuxPC</testItem>
      <ip ref="Linux_IP"></ip>
      <timeoutSec>10</timeoutSec>
      <count>3</count>
    </action>
    <!-- Telnet: LoginTelnet -->
    <action class="telnet" func="LoginTelnet">
      <testItem>LoginTelnet</testItem>
    </action>
    <!-- Telnet: CleanLogs -->
    <action class="telnet" func="SendAndCheck">
      <testItem>CleanLogs</testItem>
      <data>sudo rm /var/tmp/test-pci-conf/prev-logs/*</data>
      <checkMsg>password for test:</checkMsg>
      <timeoutSec>20</timeoutSec>
    </action>
    <!-- Telnet: sudo -->
    <action class="telnet" func="SendAndCheck">
      <testItem>CleanLogs</testItem>
      <data ref="Linux_Pwd"></data>
      <checkMsg>$</checkMsg>
      <timeoutSec>20</timeoutSec>
    </action>
    <!-- Telnet: CleanLogs -->
    <action class="telnet" func="SendAndCheck">
      <testItem>CleanLogs</testItem>
      <data>sudo rm /var/tmp/test-pci-conf/log/*</data>
      <checkMsg>$</checkMsg>
      <timeoutSec>20</timeoutSec>
    </action>
    <!-- Telnet: reboot -->
    <action class="telnet" func="RebootLinux" nextdelay="10">
      <testItem>RebootLinux</testItem>
      <sudoPwd>false</sudoPwd>
    </action>
    <!-- Init ComPort -->
    <action class="console" func="InitCOMPort" retry="3">
    </action>
    <!-- BootUp -->
    <action class="console" func="BootUpAfterUpgrade" retry="2">
      <testItem>BootUp</testItem>
    </action>
    <!-- Kill TFTP server. -->
    <action class="this" func="KillTftpServer">
    </action>
    <!-- Telnet: ping -->
    <action class="this" func="PingTest">
      <testItem>PingLinuxPC</testItem>
      <ip ref="Linux_IP"></ip>
      <timeoutSec>10</timeoutSec>
      <count>3</count>
    </action>
    <!-- Telnet: LoginTelnet -->
    <action class="telnet" func="LoginTelnet">
      <testItem>LoginTelnet</testItem>
    </action>
    <!-- Telnet: $TERM -->
    <action class="telnet" func="SendAndCheck">
      <testItem>SetTERM</testItem>
      <data>echo $TERM</data>
      <checkMsg>$</checkMsg>
      <timeoutSec>20</timeoutSec>
    </action>
    <!-- Telnet: $TERM -->
    <action class="telnet" func="SendAndCheck">
      <testItem>SetTERM</testItem>
      <data>export TERM=xterm</data>
      <checkMsg>$</checkMsg>
      <timeoutSec>20</timeoutSec>
    </action>
    <!-- Telnet: $TERM -->
    <action class="telnet" func="SendAndCheck">
      <testItem>SetTERM</testItem>
      <data>echo $TERM</data>
      <checkMsg>$</checkMsg>
      <timeoutSec>20</timeoutSec>
    </action>
    <!-- ExcuteDialog -->
    <action class="telnet" func="ExcuteDialog">
      <testItem>ExcuteDialog</testItem>
      <sudoPwd>true</sudoPwd>
    </action>
    <!-- DialogSelect -->
    <action class="telnet" func="DialogSelect">
      <testItem>DialogSelect</testItem>
      <selection>GSI Board #1, PCI ID 01:00.0</selection>
    </action>
    <!-- DialogEnter -->
    <action class="telnet" func="DialogEnter">
      <testItem>DialogEnter</testItem>
    </action>
    <!-- DialogSelect -->
    <action class="telnet" func="DialogSelect">
      <testItem>DialogSelect</testItem>
      <selection>DRAM L4 Tests</selection>
    </action>
    <!-- DialogEnter -->
    <action class="telnet" func="DialogEnter">
      <testItem>DialogEnter</testItem>
    </action>
    <!-- DialogSelect -->
    <action class="telnet" func="DialogSelect">
      <testItem>DialogSelect</testItem>
      <selection>DRAM PS-High Access (R/W) tests</selection>
    </action>
    <!-- DialogEnter -->
    <action class="telnet" func="DialogEnter">
      <testItem>DialogEnter</testItem>
    </action>
    <!-- DialogSelect -->
    <action class="telnet" func="DialogSelect">
      <testItem>DRAM14GTest</testItem>
      <selection>DRAM PS-High Access (R/W)  (14GB)</selection>
    </action>
    <!-- DialogSelect -->
    <action class="telnet" func="EnterTest">
      <testItem>DRAM14GTest</testItem>
      <checkMsg>For more details,DRAM ACCESS (R/W) TEST TEST PASSED</checkMsg>
      <timeoutSec>3600</timeoutSec>
    </action>
    <!-- DialogEnter -->
    <action class="telnet" func="DialogEnter">
      <testItem>DialogEnter</testItem>
    </action>
    <!-- DialogSelect -->
    <action class="telnet" func="DialogSelect">
      <testItem>DialogSelect</testItem>
      <selection>Back to main menu</selection>
    </action>
    <!-- DialogEnter -->
    <action class="telnet" func="DialogEnter">
      <testItem>DialogEnter</testItem>
    </action>
    <!-- DialogSelect -->
    <action class="telnet" func="DialogSelect">
      <testItem>ClearLogs</testItem>
      <selection>Clear All Logs from /var/tmp/test-pci-conf/prev-logs</selection>
    </action>
    <!-- DialogEnter -->
    <action class="telnet" func="EnterToClear">
      <testItem>ClearLogs</testItem>
    </action>
    <!-- Telnet: LoginTelnet 
    <action class="telnet" func="LogoutTelnet" enforce="true">
      <testItem>LogoutTelnet</testItem>
    </action>-->
    <!-- Telnet: ping 
    <action class="this" func="PingTest" enforce="true">
      <testItem>PingLinuxPC</testItem>
      <ip ref="Linux_IP"></ip>
      <timeoutSec>10</timeoutSec>
      <count>3</count>
    </action>-->
    <!-- Telnet: LoginTelnet 
    <action class="telnet" func="LoginTelnet" enforce="true">
      <testItem>LoginTelnet</testItem>
    </action>-->
    <!-- Telnet: LoginTelnet 
    <action class="telnet" func="RebootLinux" enforce="true">
      <testItem>RebootLinux</testItem>
      <sudoPwd>true</sudoPwd>
    </action>-->
  </run>
</TestFlow>