<?xml version="1.0" encoding="utf-8" ?>
<TestFlow>
  <CkSum>9431cc4e6ca7cb554d1923dd34c346b1</CkSum>
  <new>
    <string name="COMPort">
      <action class="this" func="ReadINI">
        <filename>Setting</filename>
        <option>DUT</option>
        <key>COMPort</key>
        <defaultval>COM3</defaultval>
      </action>
    </string>
    <string name="RGB_AOI_PATH">
      <action class="this" func="ReadINI">
        <filename>Setting</filename>
        <option>LED</option>
        <key>RGB_AOI_PATH</key>
        <defaultval>D:\LED_AOI_LED\</defaultval>
      </action>
    </string>
    <string name="RGB_AOI_EXE">
      <action class="this" func="ReadINI">
        <filename>Setting</filename>
        <option>LED</option>
        <key>RGB_AOI_EXE</key>
        <defaultval>LED_AOI_v2.4.exe</defaultval>
      </action>
    </string>
    <string name="RGB_ETH_PATH">
      <action class="this" func="ReadINI">
        <filename>Setting</filename>
        <option>LED</option>
        <key>RGB_ETH_PATH</key>
        <defaultval>D:\LED_ETH_LED\</defaultval>
      </action>
    </string>
    <string name="RGB_ETH_EXE">
      <action class="this" func="ReadINI">
        <filename>Setting</filename>
        <option>LED</option>
        <key>RGB_ETH_EXE</key>
        <defaultval>LED_AOI_v2.4.exe</defaultval>
      </action>
    </string>
    <string name="Prompt_WNC">
      <action class="this" func="ReadINI">
        <filename>Setting</filename>
        <option>Prompt</option>
        <key>WNC</key>
        <defaultval>#</defaultval>
      </action>
    </string>
    <string name="Prompt_Uboot">
      <action class="this" func="ReadINI">
        <filename>Setting</filename>
        <option>Prompt</option>
        <key>Uboot</key>
        <defaultval>ZynqMP></defaultval>
      </action>
    </string>
    <string name="Linux_IP">
      <action class="this" func="ReadINI">
        <filename>Setting</filename>
        <option>LinuxPC</option>
        <key>IP</key>
        <defaultval>192.168.33.124</defaultval>
      </action>
    </string>
    <string name="Linux_Pwd">
      <action class="this" func="ReadINI">
        <filename>Setting</filename>
        <option>LinuxPC</option>
        <key>Password</key>
        <defaultval>test!@#$</defaultval>
      </action>
    </string>
  </new>
  <run>
    <!-- Start TFTP server. -->
    <action class="this" func="StartTftpServer">
    </action>
    <!-- SW3DIPSwitch -->
    <action class="this" func="ShowImageCheck">
      <testItem>SW3DIPSwitch</testItem>
      <message>請確認DIP Switch,Please check the DIP Switch</message>
      <mode>Check</mode>
    </action>
    <!-- BootUp -->
    <action class="this" func="ShowImageCheck">
      <testItem>InsertDUT</testItem>
      <message>請將DUT插入Linux PC並接上線材. Please plugin the DUT to Linux PC and connect the cables.</message>
      <mode>Prompt</mode>
    </action>
    <!-- BootUp 
    <action class="this" func="ShowCheckMessageBox">
      <testItem>BootUp</testItem>
      <caption>Notice</caption>
      <content>請按OK後將DUT上電. Press OK and Power On the DUT.</content>
    </action>-->
    <!-- BootUp -->
    <action class="this" func="ShowImageCheck" nextdelay="3">
      <testItem>BootUp</testItem>
      <message>請按V後將DUT上電. Press V and Power On the DUT.</message>
      <mode>Prompt</mode>
    </action>
    <!-- Init ComPort -->
    <action class="console" func="InitCOMPort" retry="3">
    </action>
    <!-- StopAtUboot -->
    <action class="console" func="StopAtUboot">
      <testItem>UbootCheck</testItem>
    </action>
    <!-- print ENV variables-->
    <action class="console" func="SendAndCheck">
      <testItem>UbootCheck</testItem>
      <data>print</data>
      <checkMsg ref="Prompt_Uboot">bootcmd=run default_bootcmd,bootenv=uEnv.txt,default_bootcmd=run uenvboot; run cp_kernel2ram &amp;&amp; bootm,importbootenv=echo &quot;Importing environment from SD</checkMsg>
      <timeOutSec>20</timeOutSec>
    </action>
    <!-- eMMC SLC Mode-->
    <action class="console" func="SendAndCheck">
      <testItem>eMMCSLCCheck</testItem>
      <data>mmc info</data>
      <checkMsg ref="Prompt_Uboot">Capacity: 3.6 GiB,User Capacity: 3.6 GiB ENH WRREL,User Enhanced Start: 0 Bytes,User Enhanced Size: 3.6 GiB</checkMsg>
      <timeOutSec>20</timeOutSec>
    </action>
    <!-- bootm  -->
    <action class="console" func="UbootToKernel">
      <testItem>BootUp</testItem>
    </action>
    <!-- EthernetTest: ifconfig -->
    <action class="console" func="SendAndCheck">
      <testItem>EthernetTest</testItem>
      <data>ifconfig</data>
      <checkMsg ref="Prompt_WNC">192.168.33.</checkMsg>
      <timeOutSec>10</timeOutSec>
    </action>
    <!-- EthernetTest: ping -->
    <action class="console" func="SendAndCheck">
      <testItem>EthernetTest</testItem>
      <data>ping 192.168.33.60 -c 10</data>
      <checkMsg ref="Prompt_WNC">10 packets received,0% packet loss </checkMsg>
      <timeOutSec>10</timeOutSec>
    </action>
    <!-- stop test program -->
    <action class="console" func="SendAndCheck">
      <testItem>StandaloneTest</testItem>
      <data>sh /run/media/mmcblk0p1/scripts/stop_gsi_cli_test_app.sh</data>
      <checkMsg ref="Prompt_WNC"></checkMsg>
      <timeOutSec>10</timeOutSec>
    </action>
    <!-- MAC setting: execute target-get -->
    <action class="console" func="SoftwareCheck">
      <testItem>SoftwareCheck</testItem>
    </action>
    <!-- StandaloneTest -->
    <action class="console" func="TargetTest">
      <testItem>StandaloneTest</testItem>
    </action>
    <!-- MAC setting: execute target-get -->
    <action class="console" func="WriteMAC">
      <testItem>WriteMAC</testItem>
    </action>
    <!-- Serial number setting: execute target-get -->
    <action class="console" func="WriteSN">
      <testItem>WriteSN</testItem>
    </action>
    <!-- Serial number setting: execute target-get -->
    <action class="console" func="SaveEnv">
      <testItem>SaveEnv</testItem>
    </action>
    <!-- MAC and Serial number check -->
    <action class="console" func="CheckBoardENV">
      <testItem>CheckBoardENV</testItem>
    </action>
    <!-- RTC test -->
    <action class="this" func="RTCTest">
      <testItem>RTCTest</testItem>
    </action>
    <!-- UART test -->
    <action class="console" func="UARTTest">
      <testItem>UARTTest</testItem>
    </action>
  </run>
</TestFlow>